k,train_condition,test_snr,class_idx,class_name,ap_mean,ap_std,auc_mean,auc_std,precision_mean,precision_std,recall_mean,recall_std,f1_mean,f1_std
2,C,-5,0,BottlenoseDolphin,0.5028,0.0769,0.875,0.0306,0.3183,0.039,0.6476,0.1287,0.4237,0.0458
2,C,-5,1,BowheadWhale,0.3847,0.0683,0.7264,0.0836,0.5835,0.1149,0.1256,0.0606,0.201,0.0819
2,C,-5,2,ClymeneDolphin,0.646,0.03,0.8731,0.0169,0.6727,0.0973,0.4884,0.1242,0.5491,0.0518
2,C,-5,3,Frasherdolphin,0.4426,0.0462,0.8622,0.0175,0.2804,0.0577,0.8937,0.0356,0.424,0.0646
2,C,-5,4,HumpbackWhale,0.6463,0.0581,0.8403,0.0255,0.743,0.1059,0.3391,0.0731,0.4581,0.066
2,C,-5,5,KillerWhale,0.765,0.045,0.941,0.0171,0.7336,0.0329,0.5714,0.1142,0.637,0.0676
2,C,-5,6,NorthernRightWhale,0.3231,0.017,0.6928,0.0431,0.4259,0.0535,0.239,0.0401,0.3044,0.0377
2,C,0,0,BottlenoseDolphin,0.6969,0.106,0.921,0.0242,0.4104,0.0361,0.8095,0.101,0.544,0.0519
2,C,0,1,BowheadWhale,0.5162,0.0902,0.808,0.0729,0.6719,0.1022,0.1767,0.0764,0.2731,0.0993
2,C,0,2,ClymeneDolphin,0.8831,0.0176,0.9698,0.0087,0.8792,0.085,0.7302,0.0799,0.7924,0.0396
2,C,0,3,Frasherdolphin,0.6547,0.0989,0.9348,0.0094,0.3671,0.0671,0.9625,0.014,0.5284,0.0688
2,C,0,4,HumpbackWhale,0.8154,0.0191,0.9074,0.0164,0.8414,0.0599,0.5609,0.0775,0.6678,0.0367
2,C,0,5,KillerWhale,0.8601,0.038,0.9728,0.0062,0.7845,0.0603,0.7048,0.0868,0.7385,0.0452
2,C,0,6,NorthernRightWhale,0.449,0.0258,0.772,0.0444,0.563,0.0353,0.3268,0.0938,0.4073,0.0818
2,C,5,0,BottlenoseDolphin,0.7575,0.0859,0.9441,0.0216,0.4806,0.0497,0.8381,0.0543,0.6101,0.0485
2,C,5,1,BowheadWhale,0.6437,0.0534,0.8709,0.0449,0.7743,0.0825,0.3302,0.0992,0.4593,0.1177
2,C,5,2,ClymeneDolphin,0.9495,0.0063,0.9898,0.0019,0.9014,0.0492,0.8558,0.0416,0.8762,0.0082
2,C,5,3,Frasherdolphin,0.802,0.1014,0.9613,0.0125,0.5128,0.0915,0.9687,0.0,0.6667,0.0777
2,C,5,4,HumpbackWhale,0.901,0.0147,0.9415,0.0181,0.8585,0.0612,0.7826,0.051,0.8164,0.0228
2,C,5,5,KillerWhale,0.9206,0.0174,0.9843,0.003,0.8223,0.0435,0.8619,0.0488,0.8398,0.0138
2,C,5,6,NorthernRightWhale,0.5822,0.0269,0.8309,0.0382,0.7165,0.0758,0.4146,0.0991,0.5202,0.0858
2,C,10,0,BottlenoseDolphin,0.8209,0.0652,0.9597,0.0181,0.5644,0.0536,0.819,0.0398,0.6679,0.0497
2,C,10,1,BowheadWhale,0.7946,0.0371,0.9262,0.026,0.8865,0.024,0.5488,0.1061,0.6737,0.0811
2,C,10,2,ClymeneDolphin,0.9714,0.002,0.9943,0.0007,0.9133,0.0297,0.9163,0.0453,0.9139,0.0219
2,C,10,3,Frasherdolphin,0.8607,0.078,0.9763,0.0098,0.6129,0.086,0.9687,0.0,0.748,0.065
2,C,10,4,HumpbackWhale,0.9335,0.0123,0.9626,0.0114,0.8904,0.0571,0.8478,0.0344,0.867,0.0215
2,C,10,5,KillerWhale,0.9563,0.0109,0.9917,0.0017,0.8448,0.0227,0.9524,0.0337,0.8948,0.0131
2,C,10,6,NorthernRightWhale,0.7209,0.0343,0.8791,0.044,0.8187,0.0653,0.4927,0.0582,0.6128,0.0496
2,M,-5,0,BottlenoseDolphin,0.448,0.127,0.8547,0.0787,0.3469,0.0821,0.6476,0.2172,0.4421,0.0998
2,M,-5,1,BowheadWhale,0.505,0.0557,0.8118,0.0448,0.5018,0.046,0.5488,0.1682,0.5091,0.0756
2,M,-5,2,ClymeneDolphin,0.5947,0.0667,0.8405,0.0392,0.6553,0.0844,0.5163,0.0761,0.571,0.0478
2,M,-5,3,Frasherdolphin,0.6588,0.0512,0.914,0.0138,0.5883,0.0685,0.7625,0.0474,0.6617,0.0485
2,M,-5,4,HumpbackWhale,0.5196,0.1162,0.7466,0.0463,0.6958,0.1995,0.3739,0.1036,0.4714,0.1048
2,M,-5,5,KillerWhale,0.8443,0.0534,0.9374,0.0196,0.8641,0.103,0.6333,0.1233,0.7181,0.0745
2,M,-5,6,NorthernRightWhale,0.4324,0.0625,0.7474,0.064,0.4183,0.0697,0.439,0.1881,0.4062,0.0772
2,M,0,0,BottlenoseDolphin,0.5885,0.1267,0.9009,0.0649,0.4508,0.1101,0.7048,0.1975,0.5404,0.1167
2,M,0,1,BowheadWhale,0.5979,0.0774,0.8571,0.0509,0.5641,0.0441,0.6279,0.162,0.5819,0.0683
2,M,0,2,ClymeneDolphin,0.7424,0.0517,0.921,0.0313,0.7504,0.06,0.6558,0.0761,0.6969,0.0522
2,M,0,3,Frasherdolphin,0.7627,0.0265,0.9191,0.0135,0.6355,0.0421,0.7812,0.0541,0.6983,0.0044
2,M,0,4,HumpbackWhale,0.6325,0.1066,0.8202,0.0341,0.7439,0.1627,0.4652,0.1061,0.5578,0.0855
2,M,0,5,KillerWhale,0.9023,0.0446,0.9673,0.0193,0.891,0.0946,0.7524,0.1394,0.8037,0.0777
2,M,0,6,NorthernRightWhale,0.4848,0.0894,0.7854,0.0692,0.5105,0.0681,0.4976,0.1963,0.4798,0.0792
2,M,5,0,BottlenoseDolphin,0.7266,0.1694,0.9365,0.0601,0.5817,0.1184,0.7238,0.1917,0.6332,0.1125
2,M,5,1,BowheadWhale,0.6754,0.0893,0.8914,0.0493,0.6072,0.0299,0.7163,0.1983,0.6451,0.0867
2,M,5,2,ClymeneDolphin,0.8203,0.0567,0.9464,0.0167,0.8049,0.0747,0.7116,0.0799,0.7507,0.0398
2,M,5,3,Frasherdolphin,0.8234,0.03,0.9338,0.0067,0.6968,0.0424,0.7937,0.0568,0.7404,0.0302
2,M,5,4,HumpbackWhale,0.7173,0.0984,0.8739,0.0405,0.7613,0.1267,0.5957,0.0955,0.658,0.0684
2,M,5,5,KillerWhale,0.9302,0.0459,0.9789,0.0176,0.9217,0.072,0.819,0.1311,0.8585,0.0599
2,M,5,6,NorthernRightWhale,0.5788,0.0839,0.842,0.0454,0.5748,0.0843,0.5317,0.2108,0.5229,0.089
2,M,10,0,BottlenoseDolphin,0.7842,0.1629,0.9493,0.05,0.6591,0.1458,0.7333,0.1923,0.6761,0.1216
2,M,10,1,BowheadWhale,0.7352,0.0972,0.9174,0.047,0.6583,0.0602,0.7163,0.1892,0.676,0.1011
2,M,10,2,ClymeneDolphin,0.8644,0.0382,0.958,0.0126,0.8247,0.0448,0.7442,0.0945,0.7781,0.0475
2,M,10,3,Frasherdolphin,0.8643,0.031,0.9555,0.0068,0.7457,0.0471,0.8187,0.0713,0.7771,0.0148
2,M,10,4,HumpbackWhale,0.7651,0.1066,0.9042,0.036,0.7671,0.1461,0.6913,0.0902,0.7203,0.0953
2,M,10,5,KillerWhale,0.9545,0.0328,0.9854,0.0159,0.9259,0.0817,0.8476,0.1019,0.878,0.0377
2,M,10,6,NorthernRightWhale,0.64,0.1026,0.8724,0.0475,0.6403,0.1403,0.5805,0.2271,0.5701,0.0999
2,S,-5,0,BottlenoseDolphin,0.441,0.1516,0.8832,0.0725,0.3435,0.1752,0.6381,0.2908,0.4026,0.1156
2,S,-5,1,BowheadWhale,0.4935,0.0745,0.807,0.0507,0.4882,0.0501,0.507,0.219,0.4756,0.0973
2,S,-5,2,ClymeneDolphin,0.5934,0.0662,0.802,0.0514,0.6871,0.1971,0.3907,0.1555,0.4579,0.1248
2,S,-5,3,Frasherdolphin,0.6051,0.0855,0.9089,0.0218,0.5264,0.0794,0.7625,0.0568,0.6187,0.0549
2,S,-5,4,HumpbackWhale,0.5331,0.1707,0.7494,0.079,0.6908,0.2347,0.3783,0.1405,0.4659,0.1243
2,S,-5,5,KillerWhale,0.8718,0.0577,0.9586,0.0171,0.9044,0.106,0.6286,0.0522,0.7378,0.0431
2,S,-5,6,NorthernRightWhale,0.3455,0.0465,0.6976,0.0783,0.3699,0.0663,0.3707,0.1877,0.3405,0.1338
2,S,0,0,BottlenoseDolphin,0.6554,0.2179,0.9242,0.0782,0.4597,0.1716,0.7429,0.2556,0.5399,0.1214
2,S,0,1,BowheadWhale,0.6021,0.0645,0.8607,0.048,0.5602,0.0359,0.6233,0.1812,0.5785,0.0754
2,S,0,2,ClymeneDolphin,0.7823,0.0824,0.912,0.0541,0.7853,0.16,0.5395,0.139,0.6185,0.1135
2,S,0,3,Frasherdolphin,0.7724,0.1105,0.9439,0.0178,0.6314,0.0633,0.825,0.0568,0.7128,0.0414
2,S,0,4,HumpbackWhale,0.653,0.1717,0.8261,0.0868,0.7489,0.2222,0.4913,0.1363,0.5776,0.1364
2,S,0,5,KillerWhale,0.9335,0.0164,0.9809,0.0076,0.9251,0.0684,0.7714,0.1005,0.835,0.0459
2,S,0,6,NorthernRightWhale,0.4627,0.0459,0.7793,0.0705,0.5019,0.1274,0.4585,0.1812,0.4375,0.0944
2,S,5,0,BottlenoseDolphin,0.738,0.2363,0.9416,0.0853,0.5839,0.2061,0.7619,0.2308,0.6357,0.1349
2,S,5,1,BowheadWhale,0.7077,0.0798,0.8965,0.0518,0.6215,0.0861,0.7116,0.1362,0.6554,0.0693
2,S,5,2,ClymeneDolphin,0.8512,0.0707,0.9421,0.0417,0.8229,0.1236,0.6558,0.1032,0.7222,0.0865
2,S,5,3,Frasherdolphin,0.8608,0.1037,0.9706,0.014,0.6909,0.0875,0.8687,0.0559,0.7661,0.0534
2,S,5,4,HumpbackWhale,0.7149,0.1846,0.8653,0.0966,0.7577,0.2053,0.587,0.1889,0.65,0.1735
2,S,5,5,KillerWhale,0.9523,0.0296,0.9878,0.0061,0.9277,0.0631,0.819,0.0884,0.8651,0.0342
2,S,5,6,NorthernRightWhale,0.5629,0.0551,0.8444,0.0654,0.5754,0.0922,0.5171,0.231,0.505,0.1322
2,S,10,0,BottlenoseDolphin,0.8078,0.2185,0.952,0.078,0.6861,0.1921,0.819,0.1558,0.7328,0.1243
2,S,10,1,BowheadWhale,0.7787,0.1019,0.9215,0.0511,0.6277,0.101,0.7349,0.1449,0.6691,0.09
2,S,10,2,ClymeneDolphin,0.8763,0.0697,0.9636,0.0223,0.8754,0.0883,0.707,0.0782,0.7789,0.0628
2,S,10,3,Frasherdolphin,0.8982,0.1126,0.9847,0.0139,0.7294,0.0899,0.9,0.0677,0.8023,0.0601
2,S,10,4,HumpbackWhale,0.7447,0.2017,0.8849,0.1018,0.7776,0.1876,0.6478,0.2192,0.695,0.1927
2,S,10,5,KillerWhale,0.9714,0.0213,0.9941,0.0041,0.9269,0.0731,0.8429,0.0868,0.8775,0.0321
2,S,10,6,NorthernRightWhale,0.6532,0.1074,0.8778,0.0799,0.6495,0.0849,0.5854,0.2457,0.5805,0.1463
4,C,-5,0,BottlenoseDolphin,0.5547,0.0391,0.8754,0.0223,0.4248,0.0637,0.581,0.0852,0.4856,0.05
4,C,-5,1,BowheadWhale,0.4094,0.0622,0.7618,0.0591,0.5541,0.0846,0.1442,0.0382,0.2248,0.0461
4,C,-5,2,ClymeneDolphin,0.6264,0.0509,0.8785,0.0202,0.6313,0.0864,0.5209,0.051,0.5656,0.0374
4,C,-5,3,Frasherdolphin,0.4688,0.0412,0.8699,0.0084,0.2397,0.0051,0.9,0.014,0.3786,0.0052
4,C,-5,4,HumpbackWhale,0.649,0.0221,0.8405,0.0086,0.7495,0.0817,0.3217,0.0728,0.4427,0.0718
4,C,-5,5,KillerWhale,0.8113,0.0255,0.9473,0.015,0.7902,0.0514,0.5571,0.0522,0.651,0.0325
4,C,-5,6,NorthernRightWhale,0.3366,0.0183,0.6902,0.0248,0.4568,0.0505,0.2293,0.0587,0.3036,0.0613
4,C,0,0,BottlenoseDolphin,0.7591,0.0489,0.923,0.0125,0.5212,0.0732,0.7238,0.0852,0.5988,0.0331
4,C,0,1,BowheadWhale,0.569,0.0718,0.8472,0.052,0.6728,0.0708,0.214,0.0645,0.3195,0.0766
4,C,0,2,ClymeneDolphin,0.8638,0.0391,0.9742,0.0116,0.8232,0.1173,0.7721,0.0195,0.7936,0.0585
4,C,0,3,Frasherdolphin,0.706,0.0482,0.9456,0.0061,0.3482,0.0245,0.9625,0.014,0.511,0.026
4,C,0,4,HumpbackWhale,0.8088,0.0213,0.9077,0.0121,0.8504,0.0383,0.6261,0.0677,0.7184,0.0406
4,C,0,5,KillerWhale,0.9094,0.0218,0.9787,0.0056,0.8284,0.0521,0.7333,0.0702,0.7749,0.0367
4,C,0,6,NorthernRightWhale,0.4525,0.0332,0.7773,0.0338,0.6044,0.0327,0.3366,0.0607,0.4287,0.0442
4,C,5,0,BottlenoseDolphin,0.8178,0.0396,0.9479,0.0123,0.5931,0.0704,0.819,0.0398,0.685,0.0423
4,C,5,1,BowheadWhale,0.7279,0.053,0.9131,0.0361,0.8228,0.0709,0.4605,0.0447,0.5888,0.0416
4,C,5,2,ClymeneDolphin,0.95,0.0186,0.9916,0.0037,0.9057,0.0496,0.8744,0.0127,0.8894,0.0299
4,C,5,3,Frasherdolphin,0.87,0.0419,0.9714,0.0042,0.4902,0.0271,0.9687,0.0,0.6506,0.0239
4,C,5,4,HumpbackWhale,0.8856,0.0122,0.9474,0.0099,0.8244,0.0673,0.8087,0.0182,0.8149,0.0272
4,C,5,5,KillerWhale,0.9513,0.0048,0.9895,0.0012,0.8609,0.0332,0.8667,0.0522,0.8622,0.0167
4,C,5,6,NorthernRightWhale,0.5839,0.0557,0.8519,0.0387,0.7624,0.049,0.4,0.0443,0.523,0.0389
4,C,10,0,BottlenoseDolphin,0.8662,0.0176,0.9642,0.0114,0.6891,0.0649,0.8,0.0522,0.7378,0.0374
4,C,10,1,BowheadWhale,0.8671,0.0215,0.9592,0.0108,0.8915,0.0286,0.6419,0.069,0.7443,0.047
4,C,10,2,ClymeneDolphin,0.9716,0.0078,0.9951,0.0014,0.9017,0.0344,0.9302,0.0285,0.9154,0.0255
4,C,10,3,Frasherdolphin,0.9165,0.0468,0.9833,0.0035,0.6112,0.0515,0.9687,0.0,0.7485,0.0383
4,C,10,4,HumpbackWhale,0.9357,0.0077,0.9716,0.0106,0.8743,0.0673,0.8391,0.0119,0.855,0.0275
4,C,10,5,KillerWhale,0.976,0.0018,0.9949,0.0003,0.8453,0.0315,0.9524,0.0376,0.8949,0.0167
4,C,10,6,NorthernRightWhale,0.7425,0.052,0.904,0.0294,0.8261,0.0419,0.5073,0.0869,0.6251,0.0705
4,M,-5,0,BottlenoseDolphin,0.5129,0.0805,0.8926,0.0335,0.4043,0.0834,0.6286,0.1629,0.4878,0.0996
4,M,-5,1,BowheadWhale,0.6207,0.0919,0.8608,0.0404,0.6213,0.0561,0.6,0.1267,0.6022,0.0707
4,M,-5,2,ClymeneDolphin,0.661,0.101,0.8866,0.0532,0.6695,0.1063,0.5023,0.1259,0.5672,0.0979
4,M,-5,3,Frasherdolphin,0.7149,0.1043,0.9287,0.0464,0.6255,0.1142,0.825,0.1373,0.6949,0.0445
4,M,-5,4,HumpbackWhale,0.6732,0.1015,0.8568,0.0348,0.6808,0.0861,0.5348,0.1455,0.5954,0.1264
4,M,-5,5,KillerWhale,0.8889,0.0413,0.9698,0.0141,0.8624,0.0538,0.7333,0.0943,0.7917,0.0781
4,M,-5,6,NorthernRightWhale,0.4238,0.0639,0.764,0.0808,0.387,0.0466,0.4244,0.0855,0.4015,0.0516
4,M,0,0,BottlenoseDolphin,0.7082,0.1305,0.9352,0.0097,0.607,0.142,0.7524,0.0916,0.6637,0.1
4,M,0,1,BowheadWhale,0.7179,0.1318,0.9052,0.039,0.6226,0.0343,0.6884,0.1449,0.6459,0.0737
4,M,0,2,ClymeneDolphin,0.8161,0.1017,0.9475,0.0307,0.7852,0.099,0.6651,0.153,0.7133,0.1057
4,M,0,3,Frasherdolphin,0.8016,0.0833,0.9467,0.0384,0.7029,0.1408,0.85,0.1218,0.7543,0.0619
4,M,0,4,HumpbackWhale,0.784,0.0585,0.9083,0.0293,0.7671,0.0546,0.6652,0.0836,0.708,0.0457
4,M,0,5,KillerWhale,0.948,0.0201,0.983,0.0108,0.9059,0.0294,0.8286,0.0797,0.8642,0.0531
4,M,0,6,NorthernRightWhale,0.5585,0.0627,0.8192,0.0725,0.5356,0.078,0.4829,0.0556,0.506,0.0566
4,M,5,0,BottlenoseDolphin,0.8258,0.0852,0.9543,0.0275,0.7208,0.1786,0.781,0.0722,0.7412,0.1101
4,M,5,1,BowheadWhale,0.779,0.1375,0.9386,0.0345,0.6557,0.0256,0.7581,0.1821,0.6947,0.0999
4,M,5,2,ClymeneDolphin,0.8755,0.0622,0.9681,0.0194,0.8245,0.0915,0.7163,0.1589,0.7587,0.1034
4,M,5,3,Frasherdolphin,0.8635,0.0595,0.9662,0.0355,0.7502,0.1269,0.8687,0.1238,0.7902,0.0348
4,M,5,4,HumpbackWhale,0.8341,0.032,0.9255,0.0192,0.822,0.0468,0.7565,0.1036,0.7829,0.0526
4,M,5,5,KillerWhale,0.9714,0.0123,0.9913,0.0072,0.9259,0.0233,0.8905,0.0494,0.9073,0.0314
4,M,5,6,NorthernRightWhale,0.6425,0.063,0.8683,0.0555,0.6261,0.1113,0.5268,0.0534,0.566,0.0524
4,M,10,0,BottlenoseDolphin,0.8498,0.0765,0.9508,0.0407,0.7662,0.1378,0.7905,0.0797,0.7721,0.0831
4,M,10,1,BowheadWhale,0.8057,0.1282,0.9578,0.0291,0.6986,0.018,0.8093,0.1688,0.7425,0.0873
4,M,10,2,ClymeneDolphin,0.8931,0.052,0.9756,0.016,0.8525,0.0772,0.7953,0.1045,0.8206,0.0792
4,M,10,3,Frasherdolphin,0.9013,0.048,0.9766,0.0244,0.8127,0.0895,0.9,0.0867,0.8476,0.0364
4,M,10,4,HumpbackWhale,0.8737,0.0263,0.946,0.0135,0.8625,0.0716,0.813,0.0567,0.8335,0.0231
4,M,10,5,KillerWhale,0.9802,0.0118,0.9945,0.0047,0.9383,0.04,0.919,0.0398,0.9279,0.0284
4,M,10,6,NorthernRightWhale,0.7336,0.0889,0.9019,0.0521,0.7196,0.1073,0.6,0.1331,0.6451,0.1042
4,S,-5,0,BottlenoseDolphin,0.4889,0.1186,0.8969,0.0518,0.3344,0.0607,0.7333,0.1863,0.4524,0.0661
4,S,-5,1,BowheadWhale,0.5855,0.0826,0.8574,0.0319,0.5507,0.0432,0.5488,0.0816,0.5484,0.0577
4,S,-5,2,ClymeneDolphin,0.6615,0.1156,0.8688,0.0522,0.6739,0.0813,0.3953,0.1197,0.4921,0.1142
4,S,-5,3,Frasherdolphin,0.7294,0.0416,0.9339,0.0137,0.5598,0.1141,0.8187,0.0809,0.6545,0.0684
4,S,-5,4,HumpbackWhale,0.704,0.1172,0.8639,0.0397,0.761,0.0895,0.5304,0.1695,0.6174,0.1476
4,S,-5,5,KillerWhale,0.8779,0.0266,0.951,0.0114,0.8849,0.0617,0.7095,0.0913,0.7823,0.0434
4,S,-5,6,NorthernRightWhale,0.4112,0.0913,0.7462,0.0435,0.3996,0.021,0.3756,0.0681,0.3855,0.0445
4,S,0,0,BottlenoseDolphin,0.7478,0.1492,0.9542,0.0399,0.5333,0.1394,0.8476,0.1137,0.6453,0.1142
4,S,0,1,BowheadWhale,0.7263,0.0899,0.914,0.0343,0.6537,0.0474,0.6977,0.104,0.6733,0.0682
4,S,0,2,ClymeneDolphin,0.8605,0.0976,0.9568,0.037,0.8763,0.0771,0.6651,0.1682,0.7475,0.1349
4,S,0,3,Frasherdolphin,0.8477,0.0498,0.9645,0.015,0.7121,0.1435,0.8625,0.1003,0.7675,0.0839
4,S,0,4,HumpbackWhale,0.8072,0.0828,0.9127,0.0306,0.7791,0.0335,0.6783,0.1165,0.7196,0.0631
4,S,0,5,KillerWhale,0.9452,0.0211,0.9822,0.0088,0.914,0.061,0.8476,0.0643,0.8767,0.0305
4,S,0,6,NorthernRightWhale,0.5469,0.0846,0.8218,0.0479,0.5383,0.0433,0.4488,0.0327,0.4882,0.0262
4,S,5,0,BottlenoseDolphin,0.8503,0.1173,0.9769,0.0192,0.6789,0.1559,0.8571,0.101,0.751,0.1162
4,S,5,1,BowheadWhale,0.8179,0.099,0.9513,0.0253,0.6581,0.0619,0.8047,0.1259,0.7226,0.0862
4,S,5,2,ClymeneDolphin,0.918,0.0657,0.9779,0.019,0.911,0.0754,0.7535,0.1633,0.8194,0.1257
4,S,5,3,Frasherdolphin,0.9087,0.0371,0.9808,0.011,0.7852,0.1309,0.8937,0.0719,0.8268,0.0596
4,S,5,4,HumpbackWhale,0.8517,0.0423,0.9282,0.0192,0.8216,0.0492,0.7783,0.0711,0.7966,0.0343
4,S,5,5,KillerWhale,0.9706,0.0206,0.9881,0.0129,0.9263,0.0337,0.8857,0.0516,0.9047,0.0315
4,S,5,6,NorthernRightWhale,0.6534,0.1016,0.8806,0.0489,0.6821,0.0945,0.5171,0.0719,0.5873,0.0773
4,S,10,0,BottlenoseDolphin,0.9,0.0973,0.9862,0.0135,0.8,0.1131,0.8667,0.1032,0.8285,0.0921
4,S,10,1,BowheadWhale,0.8587,0.0687,0.9682,0.0169,0.7046,0.0535,0.8512,0.1123,0.77,0.077
4,S,10,2,ClymeneDolphin,0.9325,0.0598,0.9841,0.0142,0.9065,0.0763,0.8,0.1495,0.8464,0.1141
4,S,10,3,Frasherdolphin,0.9472,0.0309,0.9912,0.0044,0.8198,0.1365,0.925,0.0609,0.8612,0.0702
4,S,10,4,HumpbackWhale,0.8946,0.0262,0.9518,0.0098,0.8583,0.0949,0.8348,0.0119,0.8443,0.0494
4,S,10,5,KillerWhale,0.9774,0.0167,0.9894,0.013,0.9388,0.0349,0.9381,0.0271,0.9382,0.0255
4,S,10,6,NorthernRightWhale,0.7481,0.1108,0.9174,0.0495,0.7662,0.0949,0.5805,0.0951,0.6596,0.0933
8,C,-5,0,BottlenoseDolphin,0.5268,0.0687,0.8883,0.0144,0.3365,0.0295,0.5619,0.0916,0.4197,0.0454
8,C,-5,1,BowheadWhale,0.4103,0.0367,0.7464,0.0338,0.5783,0.047,0.1163,0.0465,0.1905,0.0655
8,C,-5,2,ClymeneDolphin,0.5851,0.0429,0.8565,0.0395,0.5642,0.0805,0.4698,0.0624,0.5083,0.0406
8,C,-5,3,Frasherdolphin,0.4727,0.1108,0.8566,0.0387,0.2295,0.0262,0.8625,0.0648,0.3624,0.0379
8,C,-5,4,HumpbackWhale,0.6319,0.024,0.8254,0.0126,0.7079,0.1268,0.3043,0.0554,0.4169,0.0447
8,C,-5,5,KillerWhale,0.7615,0.0391,0.9309,0.0129,0.7438,0.0465,0.5,0.0445,0.5959,0.0283
8,C,-5,6,NorthernRightWhale,0.3689,0.0121,0.7282,0.0137,0.4641,0.0517,0.2049,0.037,0.284,0.0449
8,C,0,0,BottlenoseDolphin,0.7482,0.0591,0.9278,0.0146,0.4395,0.0534,0.7619,0.0891,0.5559,0.0578
8,C,0,1,BowheadWhale,0.5711,0.0676,0.8343,0.0296,0.6956,0.1249,0.1767,0.0782,0.277,0.1011
8,C,0,2,ClymeneDolphin,0.8533,0.0447,0.9659,0.0169,0.8079,0.078,0.7535,0.0535,0.7775,0.0441
8,C,0,3,Frasherdolphin,0.6928,0.1134,0.9352,0.0205,0.3222,0.0287,0.95,0.028,0.4808,0.0343
8,C,0,4,HumpbackWhale,0.8034,0.0113,0.8975,0.0098,0.84,0.0726,0.5609,0.0728,0.6667,0.0276
8,C,0,5,KillerWhale,0.875,0.0228,0.9691,0.0113,0.8124,0.0446,0.6429,0.063,0.715,0.0298
8,C,0,6,NorthernRightWhale,0.4854,0.0173,0.8066,0.0066,0.6288,0.0499,0.3171,0.0597,0.4183,0.0538
8,C,5,0,BottlenoseDolphin,0.8034,0.0286,0.9504,0.0121,0.5292,0.0272,0.8095,0.0583,0.639,0.0277
8,C,5,1,BowheadWhale,0.7237,0.0511,0.9091,0.0204,0.7984,0.0406,0.3953,0.0658,0.5274,0.0676
8,C,5,2,ClymeneDolphin,0.9457,0.026,0.9899,0.005,0.877,0.0372,0.8512,0.0422,0.8631,0.026
8,C,5,3,Frasherdolphin,0.8225,0.0816,0.9697,0.0102,0.4418,0.016,0.9625,0.014,0.6054,0.0148
8,C,5,4,HumpbackWhale,0.8702,0.009,0.9267,0.0069,0.8652,0.0616,0.7696,0.0424,0.8122,0.0142
8,C,5,5,KillerWhale,0.9281,0.0078,0.9833,0.0048,0.827,0.0504,0.819,0.0433,0.8211,0.0146
8,C,5,6,NorthernRightWhale,0.6096,0.0158,0.8633,0.0068,0.7793,0.048,0.3805,0.0612,0.5095,0.062
8,C,10,0,BottlenoseDolphin,0.8479,0.0377,0.9657,0.0099,0.6559,0.0911,0.819,0.0398,0.7253,0.0537
8,C,10,1,BowheadWhale,0.8495,0.008,0.9487,0.007,0.891,0.0228,0.5721,0.0939,0.6934,0.0732
8,C,10,2,ClymeneDolphin,0.9703,0.0149,0.994,0.0037,0.8944,0.0354,0.9302,0.0164,0.9114,0.0146
8,C,10,3,Frasherdolphin,0.8869,0.0604,0.9827,0.0049,0.5555,0.0363,0.9687,0.0,0.7056,0.0297
8,C,10,4,HumpbackWhale,0.9249,0.0065,0.9588,0.0112,0.8882,0.0524,0.8304,0.0322,0.8568,0.0154
8,C,10,5,KillerWhale,0.9676,0.0068,0.9929,0.0019,0.8528,0.0386,0.9238,0.0199,0.8862,0.0149
8,C,10,6,NorthernRightWhale,0.7484,0.0319,0.9157,0.0061,0.8154,0.0373,0.4829,0.0719,0.6053,0.066
8,M,-5,0,BottlenoseDolphin,0.5599,0.0752,0.9139,0.0267,0.4267,0.0534,0.6762,0.1278,0.5201,0.0672
8,M,-5,1,BowheadWhale,0.6805,0.0399,0.8791,0.0241,0.6575,0.0403,0.6512,0.087,0.651,0.0436
8,M,-5,2,ClymeneDolphin,0.7347,0.0456,0.914,0.0182,0.7001,0.1043,0.5907,0.0939,0.6305,0.0352
8,M,-5,3,Frasherdolphin,0.7127,0.0674,0.9226,0.0175,0.6037,0.1065,0.7625,0.1182,0.6717,0.1032
8,M,-5,4,HumpbackWhale,0.7074,0.0654,0.8789,0.0135,0.7491,0.0668,0.6,0.0698,0.6626,0.0458
8,M,-5,5,KillerWhale,0.9002,0.0232,0.9635,0.0166,0.8793,0.0404,0.7667,0.1147,0.8138,0.0573
8,M,-5,6,NorthernRightWhale,0.4919,0.0293,0.8008,0.0347,0.5139,0.0301,0.4927,0.0869,0.4983,0.0402
8,M,0,0,BottlenoseDolphin,0.7997,0.0662,0.9683,0.0094,0.6447,0.056,0.7619,0.1388,0.692,0.0744
8,M,0,1,BowheadWhale,0.8075,0.062,0.9268,0.0239,0.7155,0.0532,0.7721,0.0861,0.7402,0.0526
8,M,0,2,ClymeneDolphin,0.8894,0.0332,0.9645,0.0093,0.808,0.0715,0.7628,0.0724,0.7806,0.0308
8,M,0,3,Frasherdolphin,0.8648,0.0337,0.9651,0.0127,0.7087,0.0331,0.8125,0.0312,0.756,0.0096
8,M,0,4,HumpbackWhale,0.8124,0.0424,0.9247,0.0138,0.8208,0.0553,0.7435,0.0357,0.7793,0.0349
8,M,0,5,KillerWhale,0.9428,0.026,0.979,0.019,0.9309,0.033,0.8571,0.079,0.8898,0.0291
8,M,0,6,NorthernRightWhale,0.611,0.0179,0.8768,0.0223,0.6211,0.0525,0.5756,0.0922,0.5954,0.0621
8,M,5,0,BottlenoseDolphin,0.907,0.0455,0.9839,0.0085,0.7747,0.0528,0.8286,0.1195,0.7953,0.0624
8,M,5,1,BowheadWhale,0.8736,0.0639,0.9538,0.0325,0.7753,0.082,0.8233,0.0628,0.7951,0.0512
8,M,5,2,ClymeneDolphin,0.9421,0.0245,0.9801,0.0092,0.8844,0.0555,0.8605,0.0403,0.8708,0.0279
8,M,5,3,Frasherdolphin,0.9437,0.0226,0.9881,0.009,0.8489,0.047,0.8625,0.0523,0.8544,0.0349
8,M,5,4,HumpbackWhale,0.8633,0.0378,0.9489,0.0188,0.8115,0.0628,0.8435,0.0283,0.8264,0.04
8,M,5,5,KillerWhale,0.9657,0.0235,0.9839,0.0179,0.9291,0.0374,0.8952,0.0745,0.9094,0.03
8,M,5,6,NorthernRightWhale,0.7213,0.0387,0.9226,0.0222,0.7229,0.0719,0.6293,0.111,0.6673,0.0657
8,M,10,0,BottlenoseDolphin,0.9334,0.0322,0.9897,0.0049,0.8932,0.0726,0.8571,0.0753,0.8737,0.0663
8,M,10,1,BowheadWhale,0.8876,0.0528,0.9591,0.0318,0.7852,0.0531,0.8605,0.0658,0.8184,0.0306
8,M,10,2,ClymeneDolphin,0.9517,0.0272,0.986,0.0091,0.9126,0.0509,0.893,0.0353,0.9016,0.0254
8,M,10,3,Frasherdolphin,0.9706,0.0229,0.9942,0.0059,0.9033,0.0326,0.9312,0.0513,0.9166,0.0359
8,M,10,4,HumpbackWhale,0.9027,0.0355,0.9686,0.0154,0.8512,0.0503,0.8913,0.0532,0.8687,0.0221
8,M,10,5,KillerWhale,0.9766,0.0171,0.9883,0.0126,0.9419,0.0491,0.9238,0.0702,0.9298,0.0213
8,M,10,6,NorthernRightWhale,0.8018,0.0395,0.9467,0.0259,0.7996,0.0352,0.6878,0.076,0.7367,0.036
8,S,-5,0,BottlenoseDolphin,0.5143,0.0807,0.891,0.04,0.3592,0.0532,0.7619,0.0952,0.482,0.0251
8,S,-5,1,BowheadWhale,0.6101,0.0591,0.865,0.0213,0.5562,0.0987,0.5767,0.0624,0.5602,0.0427
8,S,-5,2,ClymeneDolphin,0.6974,0.0322,0.8781,0.0392,0.7956,0.1212,0.4326,0.0782,0.5514,0.0484
8,S,-5,3,Frasherdolphin,0.7023,0.0804,0.9257,0.011,0.5429,0.1015,0.8062,0.0809,0.6437,0.0771
8,S,-5,4,HumpbackWhale,0.7134,0.0411,0.8712,0.0156,0.7723,0.044,0.5696,0.0805,0.6527,0.0564
8,S,-5,5,KillerWhale,0.8978,0.0241,0.9597,0.0141,0.9058,0.0744,0.7238,0.1019,0.7973,0.0424
8,S,-5,6,NorthernRightWhale,0.4114,0.0513,0.7701,0.0341,0.4479,0.0484,0.3854,0.0469,0.4133,0.0423
8,S,0,0,BottlenoseDolphin,0.758,0.083,0.9528,0.021,0.5779,0.087,0.8095,0.0337,0.6707,0.0562
8,S,0,1,BowheadWhale,0.784,0.0331,0.9329,0.0168,0.6854,0.0673,0.7488,0.1006,0.7094,0.0399
8,S,0,2,ClymeneDolphin,0.9225,0.0149,0.9728,0.0108,0.9185,0.0692,0.7442,0.0854,0.817,0.0398
8,S,0,3,Frasherdolphin,0.8719,0.0425,0.9721,0.0013,0.7034,0.0852,0.875,0.0585,0.776,0.0522
8,S,0,4,HumpbackWhale,0.8369,0.0326,0.9285,0.0191,0.8073,0.0607,0.7391,0.051,0.7693,0.0259
8,S,0,5,KillerWhale,0.9484,0.0184,0.9748,0.0189,0.9445,0.0628,0.8429,0.0852,0.8861,0.0283
8,S,0,6,NorthernRightWhale,0.5731,0.0506,0.8632,0.0161,0.5672,0.0434,0.478,0.037,0.5185,0.0374
8,S,5,0,BottlenoseDolphin,0.8831,0.0647,0.9835,0.0108,0.7604,0.0594,0.8095,0.0753,0.783,0.0574
8,S,5,1,BowheadWhale,0.8885,0.0275,0.9668,0.0144,0.7427,0.0359,0.8465,0.0995,0.7877,0.0436
8,S,5,2,ClymeneDolphin,0.9631,0.0169,0.9881,0.0073,0.9322,0.0697,0.8558,0.0416,0.8916,0.0484
8,S,5,3,Frasherdolphin,0.9472,0.024,0.9917,0.0023,0.8165,0.0422,0.9125,0.0464,0.8614,0.038
8,S,5,4,HumpbackWhale,0.8958,0.0284,0.9564,0.0207,0.888,0.0527,0.8609,0.0364,0.8726,0.017
8,S,5,5,KillerWhale,0.9664,0.0172,0.9839,0.0142,0.9446,0.039,0.9286,0.0607,0.9348,0.0234
8,S,5,6,NorthernRightWhale,0.73,0.056,0.9194,0.0132,0.6975,0.0647,0.5902,0.0529,0.6384,0.0494
8,S,10,0,BottlenoseDolphin,0.9341,0.0425,0.9927,0.0053,0.8608,0.0514,0.819,0.0522,0.839,0.0471
8,S,10,1,BowheadWhale,0.9253,0.0258,0.9766,0.0141,0.7612,0.0186,0.8837,0.0593,0.8166,0.0181
8,S,10,2,ClymeneDolphin,0.9706,0.0116,0.9925,0.0024,0.9471,0.0343,0.8977,0.0422,0.9211,0.0272
8,S,10,3,Frasherdolphin,0.9652,0.0194,0.9958,0.002,0.8765,0.035,0.9625,0.0342,0.9168,0.0213
8,S,10,4,HumpbackWhale,0.9319,0.0177,0.9777,0.0115,0.8639,0.0189,0.9043,0.033,0.8831,0.0091
8,S,10,5,KillerWhale,0.9756,0.0133,0.9878,0.0115,0.9454,0.0456,0.9381,0.0494,0.9402,0.022
8,S,10,6,NorthernRightWhale,0.8244,0.0493,0.9504,0.0116,0.8018,0.0468,0.6244,0.0327,0.7014,0.0301
16,C,-5,0,BottlenoseDolphin,0.5111,0.057,0.8876,0.019,0.3163,0.0401,0.7143,0.0583,0.4376,0.0444
16,C,-5,1,BowheadWhale,0.3934,0.0299,0.7373,0.0278,0.5724,0.1564,0.107,0.0353,0.176,0.0442
16,C,-5,2,ClymeneDolphin,0.6259,0.0272,0.8617,0.0252,0.6338,0.063,0.4558,0.0628,0.5271,0.0441
16,C,-5,3,Frasherdolphin,0.5268,0.0414,0.879,0.0178,0.2669,0.0377,0.9187,0.0171,0.4123,0.0425
16,C,-5,4,HumpbackWhale,0.6577,0.053,0.8306,0.0313,0.7617,0.0977,0.2696,0.0248,0.3959,0.0238
16,C,-5,5,KillerWhale,0.799,0.0227,0.9429,0.0084,0.7721,0.0512,0.5381,0.0464,0.6325,0.0331
16,C,-5,6,NorthernRightWhale,0.3392,0.048,0.7137,0.0551,0.4501,0.0468,0.2488,0.0529,0.3186,0.0527
16,C,0,0,BottlenoseDolphin,0.7337,0.0526,0.9297,0.0105,0.3971,0.0398,0.8286,0.0543,0.5364,0.0451
16,C,0,1,BowheadWhale,0.5547,0.0421,0.8321,0.0283,0.57,0.1569,0.1581,0.0829,0.2412,0.1092
16,C,0,2,ClymeneDolphin,0.8819,0.0152,0.9704,0.0108,0.8552,0.0404,0.7395,0.095,0.7887,0.0417
16,C,0,3,Frasherdolphin,0.7495,0.0776,0.9462,0.0112,0.3616,0.0677,0.9625,0.014,0.5224,0.0656
16,C,0,4,HumpbackWhale,0.8042,0.0402,0.9021,0.025,0.8719,0.0744,0.5478,0.0805,0.6678,0.0618
16,C,0,5,KillerWhale,0.8988,0.0152,0.9767,0.0056,0.8366,0.0303,0.7,0.0464,0.7612,0.0265
16,C,0,6,NorthernRightWhale,0.4555,0.0451,0.7969,0.0532,0.543,0.0416,0.3024,0.0562,0.3867,0.0549
16,C,5,0,BottlenoseDolphin,0.8128,0.0317,0.956,0.006,0.4638,0.0494,0.8286,0.0543,0.5934,0.0456
16,C,5,1,BowheadWhale,0.7209,0.054,0.9097,0.02,0.7965,0.0715,0.3907,0.0778,0.5224,0.0806
16,C,5,2,ClymeneDolphin,0.9559,0.0138,0.9894,0.0045,0.865,0.0547,0.8744,0.0389,0.8687,0.0339
16,C,5,3,Frasherdolphin,0.8905,0.0434,0.9736,0.0051,0.4854,0.0523,0.9687,0.0,0.6455,0.0448
16,C,5,4,HumpbackWhale,0.8908,0.0179,0.9364,0.0179,0.903,0.0484,0.7739,0.0424,0.8317,0.0148
16,C,5,5,KillerWhale,0.9442,0.0158,0.9869,0.0048,0.8709,0.0244,0.8333,0.0476,0.8512,0.0296
16,C,5,6,NorthernRightWhale,0.5875,0.0325,0.8538,0.0377,0.7309,0.0236,0.3805,0.0562,0.4979,0.0483
16,C,10,0,BottlenoseDolphin,0.856,0.0233,0.9693,0.0052,0.5905,0.0155,0.8095,0.0337,0.6826,0.0172
16,C,10,1,BowheadWhale,0.8556,0.0401,0.9584,0.0115,0.8927,0.0278,0.586,0.0645,0.7064,0.053
16,C,10,2,ClymeneDolphin,0.9715,0.0082,0.9937,0.0021,0.8926,0.0388,0.9116,0.0416,0.9011,0.0235
16,C,10,3,Frasherdolphin,0.94,0.024,0.9868,0.0037,0.5881,0.0668,0.9687,0.0,0.7302,0.0493
16,C,10,4,HumpbackWhale,0.9285,0.016,0.9617,0.0138,0.9064,0.0261,0.8348,0.0194,0.8688,0.0123
16,C,10,5,KillerWhale,0.9675,0.0111,0.9929,0.0028,0.8674,0.0343,0.9238,0.031,0.8941,0.0207
16,C,10,6,NorthernRightWhale,0.7455,0.0216,0.9198,0.0236,0.8031,0.0206,0.522,0.0703,0.6311,0.0573
16,M,-5,0,BottlenoseDolphin,0.6698,0.1099,0.9481,0.0181,0.4595,0.0647,0.7048,0.1483,0.5532,0.0869
16,M,-5,1,BowheadWhale,0.6994,0.0485,0.8896,0.0211,0.6374,0.0515,0.6698,0.0907,0.6515,0.0614
16,M,-5,2,ClymeneDolphin,0.7534,0.0233,0.9323,0.0092,0.7173,0.0293,0.5907,0.1022,0.6442,0.0663
16,M,-5,3,Frasherdolphin,0.7503,0.0393,0.9146,0.0262,0.6431,0.0444,0.7812,0.0221,0.7049,0.0313
16,M,-5,4,HumpbackWhale,0.7769,0.0352,0.8964,0.0105,0.7479,0.0618,0.6435,0.0822,0.6903,0.0672
16,M,-5,5,KillerWhale,0.9185,0.0281,0.9835,0.0038,0.8801,0.0294,0.7905,0.0516,0.8315,0.023
16,M,-5,6,NorthernRightWhale,0.4923,0.0772,0.8277,0.0363,0.4951,0.1124,0.4585,0.0834,0.4735,0.0903
16,M,0,0,BottlenoseDolphin,0.8814,0.04,0.9822,0.0069,0.7019,0.0679,0.781,0.1096,0.7373,0.0774
16,M,0,1,BowheadWhale,0.8223,0.0455,0.9368,0.0217,0.7326,0.0688,0.8465,0.0265,0.7841,0.0427
16,M,0,2,ClymeneDolphin,0.9139,0.0225,0.9736,0.0114,0.8445,0.0279,0.8279,0.0312,0.8356,0.0186
16,M,0,3,Frasherdolphin,0.8691,0.0542,0.9701,0.0118,0.7815,0.0643,0.825,0.0171,0.8011,0.0291
16,M,0,4,HumpbackWhale,0.8732,0.02,0.9425,0.0101,0.8352,0.0415,0.7913,0.0364,0.8126,0.0374
16,M,0,5,KillerWhale,0.9802,0.0027,0.996,0.0011,0.9458,0.0187,0.9,0.0391,0.9217,0.016
16,M,0,6,NorthernRightWhale,0.6439,0.0832,0.9082,0.0228,0.6327,0.0818,0.5366,0.1131,0.5773,0.0932
16,M,5,0,BottlenoseDolphin,0.9272,0.0319,0.9896,0.0082,0.8728,0.0685,0.819,0.0522,0.8434,0.043
16,M,5,1,BowheadWhale,0.8914,0.0317,0.9692,0.0167,0.7337,0.0541,0.9023,0.0382,0.8091,0.0472
16,M,5,2,ClymeneDolphin,0.9488,0.0173,0.9835,0.0102,0.9148,0.034,0.8837,0.0329,0.8983,0.0183
16,M,5,3,Frasherdolphin,0.9427,0.0434,0.9924,0.0031,0.8666,0.0579,0.925,0.0474,0.8946,0.0505
16,M,5,4,HumpbackWhale,0.9215,0.0284,0.9603,0.0087,0.8662,0.0442,0.8652,0.0389,0.8653,0.0354
16,M,5,5,KillerWhale,0.9894,0.0065,0.998,0.001,0.97,0.0112,0.9238,0.0199,0.9463,0.0141
16,M,5,6,NorthernRightWhale,0.7763,0.0604,0.9474,0.0237,0.7877,0.0829,0.6439,0.1,0.7078,0.0926
16,M,10,0,BottlenoseDolphin,0.9449,0.0245,0.9915,0.0084,0.9259,0.0238,0.819,0.0522,0.8681,0.0253
16,M,10,1,BowheadWhale,0.9316,0.018,0.9806,0.0093,0.7486,0.0541,0.9302,0.0285,0.8291,0.0418
16,M,10,2,ClymeneDolphin,0.9611,0.0168,0.9888,0.0088,0.9297,0.0343,0.9023,0.0195,0.9152,0.0113
16,M,10,3,Frasherdolphin,0.9721,0.0206,0.9967,0.0015,0.8917,0.0335,0.9687,0.0312,0.9282,0.0244
16,M,10,4,HumpbackWhale,0.9435,0.0174,0.9692,0.0049,0.9247,0.0501,0.8826,0.0248,0.9026,0.0301
16,M,10,5,KillerWhale,0.9904,0.0115,0.9985,0.0014,0.9676,0.0348,0.9619,0.0213,0.9644,0.0184
16,M,10,6,NorthernRightWhale,0.8578,0.0567,0.9692,0.0217,0.8623,0.0283,0.7024,0.1083,0.7706,0.0705
16,S,-5,0,BottlenoseDolphin,0.5694,0.1131,0.9137,0.0268,0.378,0.0983,0.7524,0.1137,0.5004,0.1063
16,S,-5,1,BowheadWhale,0.5933,0.0778,0.847,0.0264,0.5469,0.0889,0.5814,0.0615,0.5617,0.0709
16,S,-5,2,ClymeneDolphin,0.7312,0.0707,0.9067,0.0339,0.7221,0.0491,0.5023,0.1698,0.579,0.1211
16,S,-5,3,Frasherdolphin,0.7052,0.0386,0.9165,0.0156,0.6187,0.0281,0.7687,0.0356,0.6853,0.0271
16,S,-5,4,HumpbackWhale,0.6958,0.0198,0.8575,0.0188,0.7354,0.0705,0.5652,0.0799,0.6356,0.0561
16,S,-5,5,KillerWhale,0.9057,0.0171,0.9623,0.0106,0.9044,0.0524,0.7429,0.0516,0.8143,0.0368
16,S,-5,6,NorthernRightWhale,0.4048,0.0729,0.7949,0.0438,0.4179,0.0713,0.3902,0.0827,0.4006,0.0676
16,S,0,0,BottlenoseDolphin,0.8034,0.079,0.9602,0.0096,0.6172,0.1455,0.8095,0.0583,0.6936,0.0982
16,S,0,1,BowheadWhale,0.7675,0.0351,0.9307,0.0207,0.6938,0.0167,0.7349,0.0265,0.7132,0.0053
16,S,0,2,ClymeneDolphin,0.9338,0.027,0.9774,0.0095,0.8958,0.058,0.8326,0.0907,0.8592,0.0435
16,S,0,3,Frasherdolphin,0.8893,0.0409,0.9672,0.008,0.8067,0.0486,0.8687,0.0407,0.8351,0.0245
16,S,0,4,HumpbackWhale,0.8341,0.034,0.9216,0.0245,0.7815,0.0239,0.7217,0.0603,0.7485,0.0223
16,S,0,5,KillerWhale,0.9565,0.0114,0.9835,0.0051,0.9537,0.0205,0.8762,0.0106,0.9132,0.0119
16,S,0,6,NorthernRightWhale,0.5827,0.0471,0.8768,0.025,0.5527,0.0588,0.5073,0.0903,0.526,0.0609
16,S,5,0,BottlenoseDolphin,0.8839,0.0291,0.9811,0.0126,0.7547,0.0896,0.8476,0.0398,0.7965,0.0564
16,S,5,1,BowheadWhale,0.8865,0.0365,0.9706,0.0091,0.7631,0.04,0.8605,0.0329,0.8081,0.0254
16,S,5,2,ClymeneDolphin,0.9696,0.011,0.9884,0.0085,0.9316,0.0283,0.8698,0.0606,0.8983,0.0298
16,S,5,3,Frasherdolphin,0.9545,0.0336,0.9928,0.0053,0.8733,0.0552,0.9187,0.0419,0.8941,0.0314
16,S,5,4,HumpbackWhale,0.9113,0.042,0.9551,0.0282,0.8584,0.0673,0.8391,0.0524,0.8469,0.0435
16,S,5,5,KillerWhale,0.9725,0.0107,0.9931,0.002,0.9598,0.0212,0.9,0.0199,0.9287,0.0133
16,S,5,6,NorthernRightWhale,0.7593,0.0412,0.9341,0.0207,0.741,0.0619,0.6634,0.0719,0.6968,0.0386
16,S,10,0,BottlenoseDolphin,0.9048,0.0225,0.9849,0.0126,0.8449,0.037,0.8286,0.0722,0.8355,0.048
16,S,10,1,BowheadWhale,0.9313,0.0241,0.9794,0.009,0.7935,0.0225,0.9256,0.0195,0.8542,0.0104
16,S,10,2,ClymeneDolphin,0.9745,0.0116,0.9913,0.0076,0.9339,0.0292,0.907,0.0435,0.9196,0.0236
16,S,10,3,Frasherdolphin,0.9794,0.0157,0.9973,0.0021,0.9194,0.0539,0.9687,0.0221,0.9428,0.032
16,S,10,4,HumpbackWhale,0.938,0.0311,0.9721,0.02,0.9008,0.0639,0.8739,0.0357,0.8861,0.0387
16,S,10,5,KillerWhale,0.9773,0.0132,0.9952,0.0025,0.9624,0.0342,0.9381,0.0319,0.9494,0.0175
16,S,10,6,NorthernRightWhale,0.8503,0.0504,0.9621,0.0152,0.8311,0.0576,0.722,0.037,0.771,0.0226
32,C,-5,0,BottlenoseDolphin,0.56,0.0246,0.8882,0.0049,0.3783,0.0419,0.581,0.0213,0.4567,0.0272
32,C,-5,1,BowheadWhale,0.4326,0.0184,0.7573,0.0238,0.6473,0.0676,0.1209,0.0345,0.2024,0.0518
32,C,-5,2,ClymeneDolphin,0.6557,0.0375,0.8727,0.0219,0.6706,0.026,0.4651,0.057,0.5481,0.0454
32,C,-5,3,Frasherdolphin,0.4507,0.0475,0.86,0.0141,0.231,0.0204,0.9125,0.014,0.3683,0.027
32,C,-5,4,HumpbackWhale,0.699,0.0247,0.8564,0.0098,0.7791,0.1012,0.3391,0.0681,0.4688,0.0743
32,C,-5,5,KillerWhale,0.8027,0.0101,0.948,0.007,0.7501,0.0273,0.5571,0.0548,0.6383,0.0397
32,C,-5,6,NorthernRightWhale,0.3409,0.0106,0.6895,0.0254,0.4831,0.0543,0.2244,0.0318,0.3064,0.0404
32,C,0,0,BottlenoseDolphin,0.7706,0.0329,0.9331,0.0046,0.471,0.0375,0.7714,0.0398,0.5837,0.0288
32,C,0,1,BowheadWhale,0.5876,0.025,0.8439,0.0364,0.7055,0.0668,0.1767,0.0482,0.2783,0.0643
32,C,0,2,ClymeneDolphin,0.8785,0.0067,0.9697,0.0067,0.8466,0.0459,0.7395,0.0504,0.7888,0.0417
32,C,0,3,Frasherdolphin,0.705,0.0436,0.9404,0.0096,0.3287,0.0252,0.9687,0.0,0.4904,0.0286
32,C,0,4,HumpbackWhale,0.8405,0.0189,0.9235,0.0068,0.8797,0.0444,0.6522,0.0634,0.7469,0.0425
32,C,0,5,KillerWhale,0.9084,0.0084,0.9803,0.003,0.8316,0.0349,0.7286,0.0433,0.7764,0.0362
32,C,0,6,NorthernRightWhale,0.468,0.02,0.7805,0.018,0.6159,0.062,0.2829,0.0218,0.3865,0.0236
32,C,5,0,BottlenoseDolphin,0.8301,0.0329,0.96,0.0044,0.5658,0.0567,0.8286,0.0261,0.6711,0.0429
32,C,5,1,BowheadWhale,0.7365,0.0312,0.9177,0.0153,0.8505,0.0366,0.414,0.053,0.5546,0.0447
32,C,5,2,ClymeneDolphin,0.9539,0.0069,0.9899,0.002,0.8709,0.0623,0.8512,0.0389,0.8595,0.0328
32,C,5,3,Frasherdolphin,0.8675,0.036,0.9688,0.0058,0.4589,0.0411,0.9687,0.0,0.6219,0.0381
32,C,5,4,HumpbackWhale,0.9073,0.0025,0.9509,0.0043,0.8645,0.0594,0.8043,0.0344,0.8319,0.0285
32,C,5,5,KillerWhale,0.9547,0.0089,0.9908,0.0017,0.8667,0.0238,0.8905,0.0361,0.8778,0.0144
32,C,5,6,NorthernRightWhale,0.5954,0.021,0.8677,0.011,0.794,0.0419,0.3805,0.0562,0.5132,0.0591
32,C,10,0,BottlenoseDolphin,0.8815,0.0186,0.974,0.0033,0.6851,0.0561,0.819,0.0398,0.7453,0.0436
32,C,10,1,BowheadWhale,0.85,0.0417,0.9534,0.0121,0.9195,0.0269,0.5767,0.0907,0.7053,0.0673
32,C,10,2,ClymeneDolphin,0.9728,0.0043,0.9942,0.0009,0.9114,0.0234,0.9023,0.0195,0.9066,0.0113
32,C,10,3,Frasherdolphin,0.9232,0.0214,0.9804,0.005,0.5479,0.0373,0.9687,0.0,0.6993,0.0307
32,C,10,4,HumpbackWhale,0.9413,0.0045,0.9719,0.0037,0.8702,0.0649,0.8435,0.0097,0.8555,0.0305
32,C,10,5,KillerWhale,0.9795,0.0089,0.9959,0.0018,0.8584,0.032,0.9429,0.0213,0.8982,0.0161
32,C,10,6,NorthernRightWhale,0.7706,0.0208,0.9244,0.0108,0.816,0.0545,0.5024,0.0534,0.6192,0.0389
32,M,-5,0,BottlenoseDolphin,0.6594,0.0419,0.947,0.0185,0.497,0.0485,0.7619,0.101,0.6005,0.0632
32,M,-5,1,BowheadWhale,0.7675,0.0466,0.9156,0.0169,0.636,0.0685,0.7721,0.0382,0.695,0.039
32,M,-5,2,ClymeneDolphin,0.7865,0.0372,0.9346,0.0185,0.7353,0.0744,0.6047,0.093,0.6598,0.0628
32,M,-5,3,Frasherdolphin,0.7905,0.0378,0.9372,0.0097,0.6115,0.0684,0.8,0.0356,0.6918,0.0501
32,M,-5,4,HumpbackWhale,0.7738,0.0233,0.8999,0.0077,0.8046,0.0817,0.6217,0.0451,0.6978,0.0204
32,M,-5,5,KillerWhale,0.9475,0.0046,0.9875,0.003,0.8928,0.0289,0.8571,0.0505,0.8734,0.0193
32,M,-5,6,NorthernRightWhale,0.5285,0.0562,0.8362,0.0358,0.5592,0.0986,0.3854,0.0556,0.4526,0.053
32,M,0,0,BottlenoseDolphin,0.8746,0.0391,0.9792,0.0148,0.7603,0.0517,0.8571,0.0337,0.8042,0.021
32,M,0,1,BowheadWhale,0.89,0.0172,0.9556,0.0072,0.7083,0.0471,0.8558,0.0195,0.7739,0.022
32,M,0,2,ClymeneDolphin,0.9312,0.0235,0.9792,0.0113,0.8692,0.0541,0.8419,0.0447,0.8539,0.031
32,M,0,3,Frasherdolphin,0.9155,0.0215,0.9802,0.0077,0.7794,0.0689,0.8562,0.028,0.8143,0.0351
32,M,0,4,HumpbackWhale,0.8988,0.01,0.9588,0.0161,0.8289,0.0682,0.8087,0.0357,0.8166,0.0296
32,M,0,5,KillerWhale,0.9857,0.0087,0.9972,0.0014,0.9595,0.0142,0.9048,0.0292,0.9312,0.021
32,M,0,6,NorthernRightWhale,0.7259,0.0458,0.9197,0.0223,0.7433,0.0448,0.5415,0.076,0.6231,0.0539
32,M,5,0,BottlenoseDolphin,0.9357,0.0305,0.9872,0.0134,0.8416,0.0732,0.8857,0.0261,0.8623,0.0478
32,M,5,1,BowheadWhale,0.9271,0.0289,0.973,0.0059,0.7631,0.0567,0.9116,0.0195,0.8298,0.0347
32,M,5,2,ClymeneDolphin,0.9598,0.0236,0.9854,0.0108,0.9323,0.0279,0.8837,0.0233,0.907,0.0151
32,M,5,3,Frasherdolphin,0.9707,0.0083,0.9954,0.0013,0.8881,0.0204,0.9375,0.0494,0.9115,0.0244
32,M,5,4,HumpbackWhale,0.9446,0.0042,0.9765,0.0084,0.8823,0.0462,0.8652,0.0357,0.873,0.0311
32,M,5,5,KillerWhale,0.9911,0.01,0.9985,0.0013,0.9668,0.0316,0.9381,0.0213,0.9518,0.0144
32,M,5,6,NorthernRightWhale,0.8308,0.0334,0.9642,0.0026,0.8156,0.0635,0.6683,0.0659,0.7341,0.0616
32,M,10,0,BottlenoseDolphin,0.9486,0.0382,0.9907,0.0101,0.8975,0.0685,0.8857,0.0261,0.8909,0.0454
32,M,10,1,BowheadWhale,0.93,0.0203,0.9714,0.0028,0.8192,0.0255,0.9442,0.0127,0.8771,0.0146
32,M,10,2,ClymeneDolphin,0.9654,0.0295,0.9882,0.0108,0.9387,0.0323,0.907,0.0164,0.9221,0.0121
32,M,10,3,Frasherdolphin,0.9881,0.0047,0.9984,0.0006,0.9184,0.0107,0.9812,0.028,0.9485,0.0092
32,M,10,4,HumpbackWhale,0.9661,0.0065,0.9882,0.0031,0.9324,0.0635,0.9043,0.0194,0.9171,0.0297
32,M,10,5,KillerWhale,0.9958,0.004,0.9992,0.0006,0.9678,0.0304,0.9619,0.0271,0.9642,0.0083
32,M,10,6,NorthernRightWhale,0.8852,0.022,0.9828,0.0052,0.9103,0.0411,0.7805,0.0668,0.839,0.0423
32,S,-5,0,BottlenoseDolphin,0.6181,0.1068,0.934,0.0185,0.4034,0.0548,0.8095,0.0673,0.5346,0.0396
32,S,-5,1,BowheadWhale,0.6396,0.0609,0.8784,0.0092,0.5892,0.0754,0.6093,0.0447,0.5956,0.0392
32,S,-5,2,ClymeneDolphin,0.7215,0.0406,0.9052,0.0214,0.7698,0.0737,0.4093,0.0628,0.5296,0.0395
32,S,-5,3,Frasherdolphin,0.7248,0.0155,0.9383,0.0087,0.5212,0.066,0.825,0.0523,0.6371,0.0574
32,S,-5,4,HumpbackWhale,0.7256,0.0346,0.8714,0.0141,0.8205,0.0521,0.513,0.05,0.6282,0.0226
32,S,-5,5,KillerWhale,0.9123,0.0179,0.9757,0.0045,0.8655,0.0359,0.7571,0.0426,0.8068,0.0279
32,S,-5,6,NorthernRightWhale,0.4582,0.0329,0.7923,0.0406,0.4325,0.0827,0.4098,0.0631,0.4176,0.0598
32,S,0,0,BottlenoseDolphin,0.8296,0.0255,0.9735,0.0054,0.5806,0.0977,0.8476,0.0398,0.6841,0.0586
32,S,0,1,BowheadWhale,0.8125,0.0257,0.9438,0.0075,0.7302,0.0653,0.7628,0.0555,0.7426,0.0232
32,S,0,2,ClymeneDolphin,0.9223,0.01,0.9685,0.0073,0.907,0.0121,0.7256,0.0195,0.8061,0.0143
32,S,0,3,Frasherdolphin,0.8964,0.0317,0.9752,0.0057,0.7112,0.0327,0.9,0.0464,0.7934,0.0192
32,S,0,4,HumpbackWhale,0.8671,0.0143,0.9375,0.0114,0.8701,0.0172,0.7826,0.0307,0.8236,0.0157
32,S,0,5,KillerWhale,0.9597,0.0078,0.9899,0.0028,0.9487,0.0165,0.8762,0.0458,0.9104,0.0261
32,S,0,6,NorthernRightWhale,0.6426,0.0553,0.8871,0.0224,0.5797,0.0474,0.5122,0.1182,0.5399,0.0882
32,S,5,0,BottlenoseDolphin,0.9193,0.0393,0.9908,0.0036,0.765,0.1079,0.8571,0.0583,0.8032,0.0591
32,S,5,1,BowheadWhale,0.9048,0.0164,0.9758,0.0037,0.7613,0.0411,0.8698,0.0389,0.8115,0.0336
32,S,5,2,ClymeneDolphin,0.9659,0.0157,0.984,0.01,0.9576,0.0237,0.8419,0.0255,0.896,0.0244
32,S,5,3,Frasherdolphin,0.967,0.0108,0.9948,0.0009,0.8508,0.0252,0.9562,0.0171,0.9001,0.0106
32,S,5,4,HumpbackWhale,0.9306,0.0235,0.9684,0.0161,0.9053,0.0163,0.8696,0.0266,0.8868,0.0131
32,S,5,5,KillerWhale,0.9816,0.0019,0.9957,0.0017,0.9504,0.0165,0.9095,0.031,0.9293,0.0191
32,S,5,6,NorthernRightWhale,0.7853,0.027,0.9348,0.0281,0.7432,0.0292,0.6634,0.076,0.6995,0.0487
32,S,10,0,BottlenoseDolphin,0.9376,0.0381,0.9938,0.0041,0.8766,0.0674,0.8381,0.0639,0.8544,0.0411
32,S,10,1,BowheadWhale,0.9301,0.0204,0.981,0.0072,0.803,0.0587,0.9116,0.0345,0.8529,0.0386
32,S,10,2,ClymeneDolphin,0.9758,0.0131,0.9899,0.0096,0.9556,0.0198,0.893,0.0127,0.9231,0.0103
32,S,10,3,Frasherdolphin,0.9867,0.0081,0.9981,0.0013,0.9147,0.0409,0.9812,0.0171,0.9461,0.0157
32,S,10,4,HumpbackWhale,0.9562,0.0153,0.982,0.0081,0.9025,0.0443,0.9,0.0451,0.9,0.0228
32,S,10,5,KillerWhale,0.9889,0.0023,0.9974,0.0011,0.9476,0.0351,0.919,0.0271,0.9325,0.0155
32,S,10,6,NorthernRightWhale,0.8748,0.047,0.9649,0.0235,0.8142,0.0799,0.7366,0.0935,0.7692,0.0576
